18494=Waiting Staff;waiting_staff
18495=Other;other_hospitality
18492=Bar & Beverage Staff;bar_beverage_staff
18493=Front Office & Guest Services;front_office_guest_services
22193=Training & Development;training_development
22194=Other;other_recruitment_hr
20104=Caravan & Campervan Accessories;caravan_campervan_parts_accessories
18388=Other;other_sports_recreation
20103=Building Materials;building_materials
20088=conditioner Air Conditioning Heating;air_conditioning_heating
20102=Plants;hg_garden_plants
20101=Other Safety;other_safety
18384=Other;other_farming_veterinary
21023=Ceiling Lights;hg_lighting_ceiling
20085=Lighting Other;hg_lighting_other
18385=Gardening & Landscaping;gardening_landscaping
20105=Camper Trailers;camper_trailers
18476=Wheels, Tyres & Rims;wheels_tyres_rims
18355=Teaching;teaching
18597=iPhone;mobile_phones
18478=Other Parts & Accessories;other_parts_accessories
18479=Brakes & Suspension;brakes_suspension
18358=Other Computer, Telecom & Freelance;other_computer_telecom_freelance
18351=Other;other_administration_office
18472=Music Tutoring;music_tutoring
18473=Audio, GPS & Car Alarms;audio_gps_car_alarms
18474=Auto Body parts;auto_body_parts
18353=Retail Assistant;retail_assistant
18354=Sales Representative/Consultant;sales_representative_consultant
18470=Graphic Design;graphic_design
22171=Administrative Assistant;administrative_assistant
22293=Interaction & Web Design;interaction_web_design
22173=Receptionist;receptionist
20063=ovens;hg_appliances_ovens
22294=Other;other_design_architecture
21003=Microwave;hg_appliances_microwaves
18367=Property For Sale;property_for_sale
18489=Other;other_community_services_development
18364=Property for Rent;rentals
18480=Oil, Coolant & Liquids;oil_coolant_liquids
18481=Truck Parts;truck_parts
18482=Wrecking;wrecking
22181=Admin;real_estate_admin
22182=Facilities Management & Body Corporate;facilities_management_body_corporate
22183=Commercial Sales, Leasing & Property Mgmt;commercial_sales_leasing_property_mgmt
22184=Residential Leasing & Property Management;residential_leasing_property_management
22185=Residential Sales;residential_sales
18577=Baby Carriers;baby_carriers
18451=Tax, Insurance & Financial;tax_insurance_financial
20098=Safety Gates;safety_gates
18453=Taxi, Chauffeur & Airport Transfer;taxi_chauffeur_airport_transfer
20097=Car Seats;car_seats
22275=Performing Arts;performing_arts
22276=Other;other_advertising_arts_media
22271=Account Manager;account_manager
22273=Writing & Journalist;writing_journalist
22152=Developer/Programmer;developer_programmer
20094=Tool Storage & Benches;hg_tools_diy_storage
20093=Power Tools;hg_tools_diy_power_tools
18579=Baths;baths
20090=Hand Tools;hg_tools_diy_hand
18344=Other;other_information_communication_technology
18465=Childcare Services;child_care_nanny
18586=Toys - Outdoor;outdoor_toys
18467=Real Estate;real_estate_services
18347=Other Jobs;other_jobs
18468=Business For Sale;business_for_sale
18461=Other Automotive;other_automotive
18582=Maternity Clothing;maternity_clothing
18583=Prams & Strollers;prams_and_strollers
18463=Removalist;removalist
18584=Other Baby & Children;other_baby_maternity
18343=Chef & Cook;culinary
18585=Toys - Indoor;indoor_toys
22286=Mortgage Broker;mortgage_broker
22165=Property Law;property_law
18581=Feeding;feeding
22282=Analysis & Reporting;analysis_reporting
22162=Generalist;generalist
22284=Financial Planning;financial_planning
22163=Paralegal & Law Clerk;paralegal_law_clerk
22164=Legal Secretary;legal_secretary
18469=Graphic & Web Design;graphic_web_design
18553=Laptops;laptops
18554=Computer Accessories;laptop_accessories
21169=Party Hire;party_hire
18555=Printers & Scanners;printers
20079=Sofas;hg_furniture_sofas
20078=Other Furniture;hg_furniture_other
20077=Mirrors;hg_furniture_mirrors
21166=Online Marketing;online_marketing
20076=Desks;hg_furniture_desks
20075=Dining Chairs;hg_furniture_chairs
21164=Other Hiring;other_hiring
18552=Components;components
22253=Freight/Cargo Forwarding;freight_cargo_forwarding
22133=Healthcare Administration;healthcare_administration
22254=Machine Operators;machine_operators
22255=Production, Planning & Scheduling;production_planning_scheduling
22135=Pharmacy;pharmacy
22256=Purchasing, Procurement & Inventory;purchasing_procurement_inventory
22257=Road Transport;road_transport
22251=Assembly & Process Work;assembly_process_work
20029=Tinnies & Dinghies;
22131=Dental & Dentist;dental_dentist
22252=Courier, Driver, Postal Service;courier_driver_postal_service
20074=Beds;hg_furniture_beds
21163=Furniture & Appliances Hire;furniture_appliances_hire
20072=Sheds & Storage;hg_garden_sheds
21161=Cars, Trailers & Excavators Hire;cars_trailers_excavators_hire
20071=Pool;hg_garden_pool
20070=Outdoor Dining Furniture;hg_garden_outdoor_dinning_furniture
18558=Other Computers & Software;other_computers_software
18316=Other TV & DVD Players;other_tv_dvdplayers
18439=Other Pet Services;other_pet_services
18444=Personal Training Services;personal_training
18565=Gym & Fitness;gym_fitness
18445=Landscaping & Gardening;landscaping_gardening
18566=Sports Bags;luggage
18567=Skateboards & Rollerblades;skateboards_rollerblades
18560=Bicycles;bicycles
18561=Boxing & Martial Arts;boxing_martial_arts
18320=Cars, Vans & Utes;cars
20087=Rugs & Carpets;hg_soft_furnishings_rugs_carpets
18562=Camping & Hiking;camping_hiking
18563=Fishing;fishing
22261=Aged & Disability Support;aged_disability_support
22140=Tour Guide;tour_guide
22262=Child Welfare, Youth & Family Services;child_welfare_youth_family_services
22141=Travel Agent/Consultant;travel_agent_consultant
20085=Other Lighting;hg_lighting_other
20084=Curtains & Blinds;hg_soft_furnishings_curtains_blinds
21170=Bands, Entertainers & Staff Hire;bands_entertainers_staff_hire
18447=Catering;catering
18568=Surfing;surfing
20080=Dining Tables;hg_furniture_tables
18569=Other Sports & Fitness;other_sports_fitness
21026=Table & Desk Lamps;hg_lighting_table_desk
21025=Outdoor Lighting;hg_lighting_outdoor
21024=Floor Lamps;hg_lighting_floorlamps
21022=Decorative Accessories;hg_home_decor_decorative_accessories
21021=Clocks;hg_home_decor_clocks
22352=Maintenance & Handyman;maintenance_handyman
22232=Personal Trainer;personal_trainer
22233=Sports Management;sports_management
22354=Painter & Sign Writer;painter_sign_writer
22356=Printing & Publishing Services;printing_publishing_services
22357=Security Services;security_services
22359=Technician;technician
22350=Labourer;labourer
22351=Locksmith;locksmith
21020=Vases & Bowls;hg_home_decor_vases_bowls
20069=Other Garden;hg_garden_other
18302=Other Real Estate;other_real_estate
20067=BBQ;hg_garden_bbq
20066=Washing Machines & Dryers;hg_appliances_washing_drying
20061=Fridges Freezers;hg_appliances_fridge_freezer
21034=Garden Tools;hg_tools_diy_garden
21155=HSC, University & School Tutoring;hsc_university_school_tutoring
21033=Other Kitchen & Dining;hg_kitchen_dining_other
21154=Language Learning & Tutoring;language_learning_tutoring
20064=Small Appliances;hg_appliances_small_appliances
21032=Dinnerware;hg_kitchen_dining_dinnerware
21153=Scaffolding;scaffolding
22242=Tutoring;tutoring
22360=Welder & Boilermaker;welder_boilermaker
22361=Other;other_trades_services
22241=Childcare & After School Care;childcare_after_school_care
21152=Rubbish Removal & Skip Hiring;rubbish_removal_skip_hiring
21031=Cutlery;hg_kitchen_dining_cutlery
21151=Pest Control;pest_control
21030=Pots & Pans;hg_kitchen_dining_pots_pans
21150=Bricklaying;bricklaying
20060=Dishwashers;hg_appliances_dishwashers
18630=Quads, Karts & Other;other_motorcycles_scooters
21006=Office Chairs;hg_furniture_office_chairs
20037=Trailers;trailers
21005=Armchairs;hg_furniture_armchairs
21126=Other Tablets;other_tablets
20036=Other;other_real_estate_property
18511=Roomshare;roomshare
21125=Tablet Accessories;tablet_accessories
21124=Kindle & eBooks;kindle_ebooks
21002=Blenders, Juicers & Food processors;hg_appliances_blenders_juicers_foodprocessors
20034=Kitchen & Sandwich Hand;kitchen_sandwich_hand
21123=Android Tablets;android_tablets
21001=Sewing Machines;hg_appliances_sewing_machines
20033=Management;hospitality_management
21122=iPads;ipads
21000=Coffee Machines;hg_appliances_coffee_machines
21120=Wii;wii
22331=Mining - Engineering & Maintenance;mining_engineering_maintenance
22332=Mining - Operations;mining_operations
22212=Customer Service - Customer Facing;customer_service_customer_facing
22333=Oil & Gas - Engineering & Maintenance;oil_gas_engineering_maintenance
21009=Coffee Tables;hg_furniture_coffee_tables
22214=Other;other_call_centre_customer_service
22335=Other;other_mining_resources_energy
21128=Trucks;trucks
20030=Roofing;roofing
18639=Painting & Decorating;painting_decorating
18634=Air Conditioning & Heating;air_conditioning_heating
18635=Carpentry;carpentry
18637=Electrical;electrical
18641=Plumbing;plumbing
22349=Hair & Beauty Services;hair_beauty_services
18642=Other Building & Construction;other_building_construction
21016=Lounging & Relaxing Furniture;hg_garden_lounging_relaxing
21015=Dressers & Drawers;hg_furniture_dressers_drawers
18643=Removals & Storage;removals_storage
21135=Farming Equipment;farming_equipment
21014=Cabinets;hg_furniture_cabinets
18644=Alternative Therapies;alternative_therapies
21134=Farming Vehicles;farming_vehicles
21013=Bookcases & Shelves;hg_furniture_bookcases_shelves
21012=Entertainment & TV Units;hg_furniture_entertainment_tvunits
21132=Other Construction Vehicles & Equipment;other_construction_vehicles_equipment
21131=Construction Equipment;construction_equipment
18640=Plastering & Tiling;plastering_tiling
21010=Bedside Tables;hg_furniture_bedside_tables
22342=Automotive Trades;automotive_trades
22222=Sales Management;sales_management
22223=New Business Development;new_business_development
22224=Sales Coordinator;sales_coordinator
22225=Other;other_sales
22346=Electrician;electrician
21019=Picture Frames;hg_home_decor_picture_frames
22347=Fitter, Turner & Machinist;fitter_turner_machinist
21018=Pots & Garden Beds;hg_garden_pots_gardenbeds
22348=Florist;florist
21130=Construction Vehicles;construction_vehicles
18403=Other Home & Garden;other_home_garden
18646=Hairdressing;hairdressing
18647=Massages;massages
18648=Other Health, Fitness & Beauty;other_health_fitness_beauty
21226=Financial Accounting & Reporting;financial_accounting_reporting
20016=Flooring;flooring
20015=Fencing & Gates;fencing_gates
21225=Business Services & Corporate Advisory;business_services_corporate_advisory
21104=Headphones & Earphones;audio_headphones
20014=Concreting & Paving;concreting_paving
21224=Bookkeeping & Small Practice Accounting;bookkeeping_small_practice_accounting
20013=Dress Making & Alterations;dressmaking_alterations
21222=Accounts Payable;accounts_payable
21101=Radios & Receivers;audio_radio_receivers
20011=Campervans & Motorhomes;campervan
20010=Computer & Phone Repairs;computer_phone_repairs
18299=Other;other_accounting
18294=Flatshare & Houseshare;shared_accomodation
21229=Taxation;taxation
22313=Police & Corrections Officer;police_corrections_officer
21108=Lenses;cameras_lenses
21228=Payroll Accounting;payroll_accounting
22314=Other;other_government_defence
21107=Digital SLR;digital_slr
21227=Financial Manager & Controller;financial_manager_controller
18616=Console Accessories;video_games_consoles_accessories
18617=Playstation;playstation
18619=Video Cameras;video_cameras
18615=Video Games;video_games
22327=Trade Marketing;trade_marketing
22328=Other;other_marketing_communications
18620=Video Camera Accessories;video_camera_accessories
21115=TVs;tvs
18621=Digital Compact Cameras;digital_cameras
18501=Architecture;architecture
21113=Android Phones;android_phones
21111=Monitors;monitors
20021=Training;training
21110=Modems & Routers;modem_routers
20020=Sitting;sitting
22201=Retail Management;retail_management
22202=Merchandiser;merchandiser
22324=Marketing Assistants;marketing_assistants
22203=Other;other_retail
21119=Xbox;xbox
22325=Marketing Communications;marketing_communications
22326=Public Relations & Corporate Affairs;public_relations_corporate_affairs
21117=DVD Players;dvd_players
18627=Motorcycle & Scooter Accessories;motorcycle_scooter_accessories
18628=Motorcycle & Scooter Parts;motorcycle_scooter_parts
18629=Scooters;scooters
18623=Non Digital Cameras;non_digital_cameras
18625=Other Audio;audio_other
18626=Motorcycles;motorcycles
21203=Project Management;project_management
21200=Contract Management;contract_management
22305=Mechanical Engineering;mechanical_engineering
21214=Vet & Animal Welfare;vet_animal_welfare
21213=Horticulture;horticulture
21212=Farm Management;farm_management
18600=Other Phones;other_phones
21211=Agronomy & Farm Services;agronomy_farm_services
20009=Mechanics & Garages;mechanics_garages
22301=Automotive Engineering;automotive_engineering
22302=Building Services Engineering;building_services_engineering
22303=Civil/Structural Engineering;civil_structural_engineering
21118=Electronics & Computer TV & DVD players Home Theatre Systems;home_theatre_systems
18572=Women's Shoes;womens_shoes
20059=Cooktops Rangehoods;hg_appliances_cooktop_rangehood